financial_year,council_area,sex,age_group,number_of_people
2009/10,Scotland,Female,18-64,2123
2009/10,Scotland,Female,65-74,1902
2009/10,Scotland,Female,75-84,7556
2009/10,Scotland,Female,85-94,10946
2009/10,Scotland,Female,95 and Older,2304
2009/10,Scotland,Male,18-64,2852
2009/10,Scotland,Male,65-74,1858
2009/10,Scotland,Male,75-84,3504
2009/10,Scotland,Male,85-94,2960
2009/10,Scotland,Male,95 and Older,354
2010/11,Scotland,Female,18-64,1954
2010/11,Scotland,Female,65-74,2078
2010/11,Scotland,Female,75-84,7655
2010/11,Scotland,Female,85-94,11347
2010/11,Scotland,Female,95 and Older,2214
2010/11,Scotland,Male,18-64,2393
2010/11,Scotland,Male,65-74,1774
2010/11,Scotland,Male,75-84,3373
2010/11,Scotland,Male,85-94,2907
2010/11,Scotland,Male,95 and Older,305
2011/12,Scotland,Female,18-64,1984
2011/12,Scotland,Female,65-74,2102
2011/12,Scotland,Female,75-84,7660
2011/12,Scotland,Female,85-94,10974
2011/12,Scotland,Female,95 and Older,2030
2011/12,Scotland,Male,18-64,2496
2011/12,Scotland,Male,65-74,1846
2011/12,Scotland,Male,75-84,3478
2011/12,Scotland,Male,85-94,2908
2011/12,Scotland,Male,95 and Older,297
2012/13,Scotland,Female,18-64,1751
2012/13,Scotland,Female,65-74,1928
2012/13,Scotland,Female,75-84,6958
2012/13,Scotland,Female,85-94,11191
2012/13,Scotland,Female,95 and Older,2207
2012/13,Scotland,Male,18-64,2198
2012/13,Scotland,Male,65-74,1813
2012/13,Scotland,Male,75-84,3362
2012/13,Scotland,Male,85-94,3171
2012/13,Scotland,Male,95 and Older,355
2013/14,Scotland,Female,18-64,1592
2013/14,Scotland,Female,65-74,1794
2013/14,Scotland,Female,75-84,6874
2013/14,Scotland,Female,85-94,11606
2013/14,Scotland,Female,95 and Older,2224
2013/14,Scotland,Male,18-64,2066
2013/14,Scotland,Male,65-74,1789
2013/14,Scotland,Male,75-84,3411
2013/14,Scotland,Male,85-94,3298
2013/14,Scotland,Male,95 and Older,358
2014/15,Scotland,Female,18-64,1652
2014/15,Scotland,Female,65-74,1756
2014/15,Scotland,Female,75-84,6684
2014/15,Scotland,Female,85-94,11263
2014/15,Scotland,Female,95 and Older,2330
2014/15,Scotland,Male,18-64,2062
2014/15,Scotland,Male,65-74,1764
2014/15,Scotland,Male,75-84,3377
2014/15,Scotland,Male,85-94,3187
2014/15,Scotland,Male,95 and Older,407
2015/16,Scotland,Female,18-64,1498
2015/16,Scotland,Female,65-74,1769
2015/16,Scotland,Female,75-84,6582
2015/16,Scotland,Female,85-94,11319
2015/16,Scotland,Female,95 and Older,2532
2015/16,Scotland,Male,18-64,2043
2015/16,Scotland,Male,65-74,1810
2015/16,Scotland,Male,75-84,3457
2015/16,Scotland,Male,85-94,3239
2015/16,Scotland,Male,95 and Older,489
2016/17,Scotland,Female,18-64,1463
2016/17,Scotland,Female,65-74,1791
2016/17,Scotland,Female,75-84,6288
2016/17,Scotland,Female,85-94,10992
2016/17,Scotland,Female,95 and Older,2575
2016/17,Scotland,Male,18-64,2069
2016/17,Scotland,Male,65-74,1790
2016/17,Scotland,Male,75-84,3463
2016/17,Scotland,Male,85-94,3181
2016/17,Scotland,Male,95 and Older,490
2017/18,Aberdeen City,Female,18-64,118
2017/18,Aberdeen City,Female,65-74,71
2017/18,Aberdeen City,Female,75-84,230
2017/18,Aberdeen City,Female,85-94,403
2017/18,Aberdeen City,Female,95 and Older,80
2017/18,Aberdeen City,Male,18-64,128
2017/18,Aberdeen City,Male,65-74,63
2017/18,Aberdeen City,Male,75-84,116
2017/18,Aberdeen City,Male,85-94,129
2017/18,Aberdeen City,Male,95 and Older,16
2017/18,Aberdeenshire,Female,18-64,85
2017/18,Aberdeenshire,Female,65-74,92
2017/18,Aberdeenshire,Female,75-84,307
2017/18,Aberdeenshire,Female,85-94,510
2017/18,Aberdeenshire,Female,95 and Older,119
2017/18,Aberdeenshire,Male,18-64,82
2017/18,Aberdeenshire,Male,65-74,78
2017/18,Aberdeenshire,Male,75-84,144
2017/18,Aberdeenshire,Male,85-94,166
2017/18,Aberdeenshire,Male,95 and Older,30
2017/18,Angus,Female,18-64,26
2017/18,Angus,Female,65-74,47
2017/18,Angus,Female,75-84,147
2017/18,Angus,Female,85-94,379
2017/18,Angus,Female,95 and Older,94
2017/18,Angus,Male,18-64,25
2017/18,Angus,Male,65-74,31
2017/18,Angus,Male,75-84,54
2017/18,Angus,Male,85-94,99
2017/18,Angus,Male,95 and Older,15
2017/18,Argyll and Bute,Female,75-84,104
2017/18,Argyll and Bute,Female,85-94,173
2017/18,Argyll and Bute,Male,75-84,45
2017/18,Argyll and Bute,Male,85-94,51
2017/18,City of Edinburgh,Female,18-64,57
2017/18,City of Edinburgh,Female,65-74,113
2017/18,City of Edinburgh,Female,75-84,436
2017/18,City of Edinburgh,Female,85-94,1024
2017/18,City of Edinburgh,Female,95 and Older,254
2017/18,City of Edinburgh,Male,18-64,83
2017/18,City of Edinburgh,Male,65-74,122
2017/18,City of Edinburgh,Male,75-84,242
2017/18,City of Edinburgh,Male,85-94,274
2017/18,City of Edinburgh,Male,95 and Older,57
2017/18,Clackmannanshire,Female,18-64,41
2017/18,Clackmannanshire,Female,75-84,60
2017/18,Clackmannanshire,Female,85-94,75
2017/18,Clackmannanshire,Male,18-64,50
2017/18,Clackmannanshire,Male,75-84,32
2017/18,Clackmannanshire,Male,85-94,19
2017/18,Dumfries and Galloway,Female,18-64,25
2017/18,Dumfries and Galloway,Female,65-74,43
2017/18,Dumfries and Galloway,Female,75-84,177
2017/18,Dumfries and Galloway,Female,85-94,356
2017/18,Dumfries and Galloway,Female,95 and Older,109
2017/18,Dumfries and Galloway,Male,18-64,44
2017/18,Dumfries and Galloway,Male,65-74,43
2017/18,Dumfries and Galloway,Male,75-84,113
2017/18,Dumfries and Galloway,Male,85-94,124
2017/18,Dumfries and Galloway,Male,95 and Older,20
2017/18,Dundee City,Female,18-64,36
2017/18,Dundee City,Female,65-74,63
2017/18,Dundee City,Female,75-84,214
2017/18,Dundee City,Female,85-94,325
2017/18,Dundee City,Female,95 and Older,60
2017/18,Dundee City,Male,18-64,45
2017/18,Dundee City,Male,65-74,45
2017/18,Dundee City,Male,75-84,113
2017/18,Dundee City,Male,85-94,74
2017/18,Dundee City,Male,95 and Older,18
2017/18,East Ayrshire,Female,18-64,35
2017/18,East Ayrshire,Female,65-74,52
2017/18,East Ayrshire,Female,75-84,166
2017/18,East Ayrshire,Female,85-94,208
2017/18,East Ayrshire,Female,95 and Older,54
2017/18,East Ayrshire,Male,18-64,51
2017/18,East Ayrshire,Male,65-74,70
2017/18,East Ayrshire,Male,75-84,95
2017/18,East Ayrshire,Male,85-94,76
2017/18,East Ayrshire,Male,95 and Older,7
2017/18,East Dunbartonshire,Female,18-64,20
2017/18,East Dunbartonshire,Female,65-74,53
2017/18,East Dunbartonshire,Female,75-84,154
2017/18,East Dunbartonshire,Female,85-94,237
2017/18,East Dunbartonshire,Female,95 and Older,57
2017/18,East Dunbartonshire,Male,18-64,40
2017/18,East Dunbartonshire,Male,65-74,28
2017/18,East Dunbartonshire,Male,75-84,67
2017/18,East Dunbartonshire,Male,85-94,65
2017/18,East Dunbartonshire,Male,95 and Older,18
2017/18,East Lothian,Female,18-64,5
2017/18,East Lothian,Female,65-74,24
2017/18,East Lothian,Female,75-84,96
2017/18,East Lothian,Female,85-94,188
2017/18,East Lothian,Female,95 and Older,50
2017/18,East Lothian,Male,18-64,9
2017/18,East Lothian,Male,65-74,29
2017/18,East Lothian,Male,75-84,52
2017/18,East Lothian,Male,85-94,69
2017/18,East Lothian,Male,95 and Older,5
2017/18,East Renfrewshire,Female,18-64,26
2017/18,East Renfrewshire,Female,65-74,25
2017/18,East Renfrewshire,Female,75-84,84
2017/18,East Renfrewshire,Female,85-94,253
2017/18,East Renfrewshire,Female,95 and Older,60
2017/18,East Renfrewshire,Male,18-64,24
2017/18,East Renfrewshire,Male,65-74,13
2017/18,East Renfrewshire,Male,75-84,29
2017/18,East Renfrewshire,Male,85-94,73
2017/18,East Renfrewshire,Male,95 and Older,8
2017/18,Falkirk,Female,18-64,39
2017/18,Falkirk,Female,65-74,62
2017/18,Falkirk,Female,75-84,193
2017/18,Falkirk,Female,85-94,275
2017/18,Falkirk,Female,95 and Older,76
2017/18,Falkirk,Male,18-64,66
2017/18,Falkirk,Male,65-74,44
2017/18,Falkirk,Male,75-84,99
2017/18,Falkirk,Male,85-94,83
2017/18,Falkirk,Male,95 and Older,17
2017/18,Fife,Female,18-64,106
2017/18,Fife,Female,65-74,149
2017/18,Fife,Female,75-84,458
2017/18,Fife,Female,85-94,784
2017/18,Fife,Female,95 and Older,226
2017/18,Fife,Male,18-64,139
2017/18,Fife,Male,65-74,117
2017/18,Fife,Male,75-84,250
2017/18,Fife,Male,85-94,247
2017/18,Fife,Male,95 and Older,52
2017/18,Glasgow City,Female,18-64,187
2017/18,Glasgow City,Female,65-74,250
2017/18,Glasgow City,Female,75-84,641
2017/18,Glasgow City,Female,85-94,964
2017/18,Glasgow City,Female,95 and Older,224
2017/18,Glasgow City,Male,18-64,300
2017/18,Glasgow City,Male,65-74,216
2017/18,Glasgow City,Male,75-84,391
2017/18,Glasgow City,Male,85-94,285
2017/18,Glasgow City,Male,95 and Older,36
2017/18,Highland,Female,18-64,97
2017/18,Highland,Female,65-74,80
2017/18,Highland,Female,75-84,279
2017/18,Highland,Female,85-94,503
2017/18,Highland,Female,95 and Older,144
2017/18,Highland,Male,18-64,134
2017/18,Highland,Male,65-74,103
2017/18,Highland,Male,75-84,173
2017/18,Highland,Male,85-94,163
2017/18,Highland,Male,95 and Older,16
2017/18,Inverclyde,Female,18-64,40
2017/18,Inverclyde,Female,65-74,42
2017/18,Inverclyde,Female,75-84,150
2017/18,Inverclyde,Female,85-94,227
2017/18,Inverclyde,Female,95 and Older,59
2017/18,Inverclyde,Male,18-64,47
2017/18,Inverclyde,Male,65-74,36
2017/18,Inverclyde,Male,75-84,65
2017/18,Inverclyde,Male,85-94,61
2017/18,Inverclyde,Male,95 and Older,5
2017/18,Midlothian,Female,18-64,45
2017/18,Midlothian,Female,65-74,22
2017/18,Midlothian,Female,75-84,106
2017/18,Midlothian,Female,85-94,135
2017/18,Midlothian,Female,95 and Older,32
2017/18,Midlothian,Male,18-64,36
2017/18,Midlothian,Male,65-74,23
2017/18,Midlothian,Male,75-84,35
2017/18,Midlothian,Male,85-94,46
2017/18,Midlothian,Male,95 and Older,13
2017/18,Moray,Female,18-64,9
2017/18,Moray,Female,65-74,25
2017/18,Moray,Female,75-84,95
2017/18,Moray,Female,85-94,187
2017/18,Moray,Female,95 and Older,38
2017/18,Moray,Male,18-64,10
2017/18,Moray,Male,65-74,32
2017/18,Moray,Male,75-84,61
2017/18,Moray,Male,85-94,55
2017/18,Moray,Male,95 and Older,10
2017/18,Na h-Eileanan Siar,Female,18-64,8
2017/18,Na h-Eileanan Siar,Female,65-74,9
2017/18,Na h-Eileanan Siar,Female,75-84,40
2017/18,Na h-Eileanan Siar,Female,85-94,63
2017/18,Na h-Eileanan Siar,Female,95 and Older,19
2017/18,Na h-Eileanan Siar,Male,65-74,11
2017/18,Na h-Eileanan Siar,Male,75-84,17
2017/18,Na h-Eileanan Siar,Male,85-94,21
2017/18,North Ayrshire,Female,18-64,63
2017/18,North Ayrshire,Female,65-74,46
2017/18,North Ayrshire,Female,75-84,198
2017/18,North Ayrshire,Female,85-94,246
2017/18,North Ayrshire,Female,95 and Older,60
2017/18,North Ayrshire,Male,18-64,97
2017/18,North Ayrshire,Male,65-74,54
2017/18,North Ayrshire,Male,75-84,113
2017/18,North Ayrshire,Male,85-94,70
2017/18,North Ayrshire,Male,95 and Older,11
2017/18,North Lanarkshire,Female,18-64,31
2017/18,North Lanarkshire,Female,65-74,123
2017/18,North Lanarkshire,Female,75-84,307
2017/18,North Lanarkshire,Female,85-94,403
2017/18,North Lanarkshire,Female,95 and Older,84
2017/18,North Lanarkshire,Male,18-64,117
2017/18,North Lanarkshire,Male,65-74,95
2017/18,North Lanarkshire,Male,75-84,176
2017/18,North Lanarkshire,Male,85-94,105
2017/18,North Lanarkshire,Male,95 and Older,11
2017/18,Orkney Islands,Female,75-84,17
2017/18,Orkney Islands,Female,85-94,33
2017/18,Orkney Islands,Female,95 and Older,7
2017/18,Orkney Islands,Male,75-84,14
2017/18,Orkney Islands,Male,85-94,9
2017/18,Perth and Kinross,Female,18-64,82
2017/18,Perth and Kinross,Female,65-74,52
2017/18,Perth and Kinross,Female,75-84,179
2017/18,Perth and Kinross,Female,85-94,415
2017/18,Perth and Kinross,Female,95 and Older,110
2017/18,Perth and Kinross,Male,18-64,138
2017/18,Perth and Kinross,Male,65-74,47
2017/18,Perth and Kinross,Male,75-84,105
2017/18,Perth and Kinross,Male,85-94,120
2017/18,Perth and Kinross,Male,95 and Older,28
2017/18,Renfrewshire,Female,18-64,41
2017/18,Renfrewshire,Female,65-74,65
2017/18,Renfrewshire,Female,75-84,224
2017/18,Renfrewshire,Female,85-94,373
2017/18,Renfrewshire,Female,95 and Older,80
2017/18,Renfrewshire,Male,18-64,55
2017/18,Renfrewshire,Male,65-74,70
2017/18,Renfrewshire,Male,75-84,155
2017/18,Renfrewshire,Male,85-94,148
2017/18,Renfrewshire,Male,95 and Older,16
2017/18,Scotland,Female,18-64,1483
2017/18,Scotland,Female,65-74,1828
2017/18,Scotland,Female,75-84,6143
2017/18,Scotland,Female,85-94,10478
2017/18,Scotland,Female,95 and Older,2580
2017/18,Scotland,Male,18-64,2086
2017/18,Scotland,Male,65-74,1716
2017/18,Scotland,Male,75-84,3302
2017/18,Scotland,Male,85-94,3131
2017/18,Scotland,Male,95 and Older,477
2017/18,Scottish Borders,Female,18-64,26
2017/18,Scottish Borders,Female,65-74,20
2017/18,Scottish Borders,Female,75-84,104
2017/18,Scottish Borders,Female,85-94,225
2017/18,Scottish Borders,Female,95 and Older,60
2017/18,Scottish Borders,Male,18-64,29
2017/18,Scottish Borders,Male,65-74,22
2017/18,Scottish Borders,Male,75-84,47
2017/18,Scottish Borders,Male,85-94,50
2017/18,Scottish Borders,Male,95 and Older,8
2017/18,Shetland Islands,Female,75-84,13
2017/18,Shetland Islands,Female,85-94,28
2017/18,Shetland Islands,Male,75-84,16
2017/18,Shetland Islands,Male,85-94,11
2017/18,South Ayrshire,Female,18-64,48
2017/18,South Ayrshire,Female,65-74,52
2017/18,South Ayrshire,Female,75-84,200
2017/18,South Ayrshire,Female,85-94,304
2017/18,South Ayrshire,Female,95 and Older,92
2017/18,South Ayrshire,Male,18-64,24
2017/18,South Ayrshire,Male,65-74,45
2017/18,South Ayrshire,Male,75-84,121
2017/18,South Ayrshire,Male,85-94,95
2017/18,South Ayrshire,Male,95 and Older,17
2017/18,South Lanarkshire,Female,18-64,87
2017/18,South Lanarkshire,Female,65-74,114
2017/18,South Lanarkshire,Female,75-84,397
2017/18,South Lanarkshire,Female,85-94,637
2017/18,South Lanarkshire,Female,95 and Older,135
2017/18,South Lanarkshire,Male,18-64,154
2017/18,South Lanarkshire,Male,65-74,148
2017/18,South Lanarkshire,Male,75-84,190
2017/18,South Lanarkshire,Male,85-94,172
2017/18,South Lanarkshire,Male,95 and Older,21
2017/18,Stirling,Female,18-64,31
2017/18,Stirling,Female,75-84,69
2017/18,Stirling,Female,85-94,116
2017/18,Stirling,Male,18-64,93
2017/18,Stirling,Male,75-84,43
2017/18,Stirling,Male,85-94,44
2017/18,West Dunbartonshire,Female,65-74,22
2017/18,West Dunbartonshire,Female,75-84,111
2017/18,West Dunbartonshire,Female,85-94,156
2017/18,West Dunbartonshire,Male,65-74,27
2017/18,West Dunbartonshire,Male,75-84,56
2017/18,West Dunbartonshire,Male,85-94,28
2017/18,West Lothian,Female,18-64,40
2017/18,West Lothian,Female,65-74,59
2017/18,West Lothian,Female,75-84,191
2017/18,West Lothian,Female,85-94,263
2017/18,West Lothian,Female,95 and Older,46
2017/18,West Lothian,Male,18-64,50
2017/18,West Lothian,Male,65-74,36
2017/18,West Lothian,Male,75-84,76
2017/18,West Lothian,Male,85-94,95
2017/18,West Lothian,Male,95 and Older,6
2018/19,Aberdeen City,Female,18-64,87
2018/19,Aberdeen City,Female,65-74,76
2018/19,Aberdeen City,Female,75-84,259
2018/19,Aberdeen City,Female,85-94,408
2018/19,Aberdeen City,Female,95 and Older,96
2018/19,Aberdeen City,Male,18-64,114
2018/19,Aberdeen City,Male,65-74,69
2018/19,Aberdeen City,Male,75-84,114
2018/19,Aberdeen City,Male,85-94,120
2018/19,Aberdeen City,Male,95 and Older,18
2018/19,Aberdeenshire,Female,18-64,87
2018/19,Aberdeenshire,Female,65-74,88
2018/19,Aberdeenshire,Female,75-84,293
2018/19,Aberdeenshire,Female,85-94,529
2018/19,Aberdeenshire,Female,95 and Older,131
2018/19,Aberdeenshire,Male,18-64,85
2018/19,Aberdeenshire,Male,65-74,81
2018/19,Aberdeenshire,Male,75-84,136
2018/19,Aberdeenshire,Male,85-94,181
2018/19,Aberdeenshire,Male,95 and Older,30
2018/19,Angus,Female,18-64,31
2018/19,Angus,Female,65-74,58
2018/19,Angus,Female,75-84,144
2018/19,Angus,Female,85-94,350
2018/19,Angus,Female,95 and Older,103
2018/19,Angus,Male,18-64,23
2018/19,Angus,Male,65-74,42
2018/19,Angus,Male,75-84,76
2018/19,Angus,Male,85-94,88
2018/19,Angus,Male,95 and Older,16
2018/19,Argyll and Bute,Female,75-84,98
2018/19,Argyll and Bute,Female,85-94,157
2018/19,Argyll and Bute,Female,95 and Older,45
2018/19,Argyll and Bute,Male,18-64,0
2018/19,Argyll and Bute,Male,75-84,38
2018/19,Argyll and Bute,Male,85-94,48
2018/19,Argyll and Bute,Male,95 and Older,8
2018/19,City of Edinburgh,Female,18-64,55
2018/19,City of Edinburgh,Female,65-74,113
2018/19,City of Edinburgh,Female,75-84,439
2018/19,City of Edinburgh,Female,85-94,983
2018/19,City of Edinburgh,Female,95 and Older,261
2018/19,City of Edinburgh,Male,18-64,67
2018/19,City of Edinburgh,Male,65-74,113
2018/19,City of Edinburgh,Male,75-84,260
2018/19,City of Edinburgh,Male,85-94,300
2018/19,City of Edinburgh,Male,95 and Older,33
2018/19,Clackmannanshire,Female,18-64,32
2018/19,Clackmannanshire,Female,65-74,14
2018/19,Clackmannanshire,Female,75-84,72
2018/19,Clackmannanshire,Female,85-94,82
2018/19,Clackmannanshire,Female,95 and Older,29
2018/19,Clackmannanshire,Male,18-64,27
2018/19,Clackmannanshire,Male,65-74,23
2018/19,Clackmannanshire,Male,75-84,41
2018/19,Clackmannanshire,Male,85-94,23
2018/19,Clackmannanshire,Male,95 and Older,0
2018/19,Dumfries and Galloway,Female,18-64,21
2018/19,Dumfries and Galloway,Female,65-74,53
2018/19,Dumfries and Galloway,Female,75-84,181
2018/19,Dumfries and Galloway,Female,85-94,367
2018/19,Dumfries and Galloway,Female,95 and Older,77
2018/19,Dumfries and Galloway,Male,18-64,38
2018/19,Dumfries and Galloway,Male,65-74,56
2018/19,Dumfries and Galloway,Male,75-84,111
2018/19,Dumfries and Galloway,Male,85-94,127
2018/19,Dumfries and Galloway,Male,95 and Older,15
2018/19,Dundee City,Female,18-64,30
2018/19,Dundee City,Female,65-74,62
2018/19,Dundee City,Female,75-84,210
2018/19,Dundee City,Female,85-94,347
2018/19,Dundee City,Female,95 and Older,67
2018/19,Dundee City,Male,18-64,30
2018/19,Dundee City,Male,65-74,44
2018/19,Dundee City,Male,75-84,100
2018/19,Dundee City,Male,85-94,80
2018/19,Dundee City,Male,95 and Older,17
2018/19,East Ayrshire,Female,18-64,29
2018/19,East Ayrshire,Female,65-74,35
2018/19,East Ayrshire,Female,75-84,159
2018/19,East Ayrshire,Female,85-94,207
2018/19,East Ayrshire,Female,95 and Older,57
2018/19,East Ayrshire,Male,18-64,31
2018/19,East Ayrshire,Male,65-74,66
2018/19,East Ayrshire,Male,75-84,96
2018/19,East Ayrshire,Male,85-94,69
2018/19,East Ayrshire,Male,95 and Older,7
2018/19,East Dunbartonshire,Female,18-64,9
2018/19,East Dunbartonshire,Female,65-74,43
2018/19,East Dunbartonshire,Female,75-84,185
2018/19,East Dunbartonshire,Female,85-94,308
2018/19,East Dunbartonshire,Female,95 and Older,77
2018/19,East Dunbartonshire,Male,18-64,11
2018/19,East Dunbartonshire,Male,65-74,31
2018/19,East Dunbartonshire,Male,75-84,73
2018/19,East Dunbartonshire,Male,85-94,79
2018/19,East Dunbartonshire,Male,95 and Older,12
2018/19,East Lothian,Female,18-64,7
2018/19,East Lothian,Female,65-74,20
2018/19,East Lothian,Female,75-84,96
2018/19,East Lothian,Female,85-94,175
2018/19,East Lothian,Female,95 and Older,57
2018/19,East Lothian,Male,18-64,11
2018/19,East Lothian,Male,65-74,28
2018/19,East Lothian,Male,75-84,57
2018/19,East Lothian,Male,85-94,72
2018/19,East Lothian,Male,95 and Older,9
2018/19,East Renfrewshire,Female,65-74,24
2018/19,East Renfrewshire,Female,75-84,102
2018/19,East Renfrewshire,Female,85-94,188
2018/19,East Renfrewshire,Male,65-74,22
2018/19,East Renfrewshire,Male,75-84,38
2018/19,East Renfrewshire,Male,85-94,69
2018/19,Falkirk,Female,18-64,30
2018/19,Falkirk,Female,65-74,56
2018/19,Falkirk,Female,75-84,201
2018/19,Falkirk,Female,85-94,265
2018/19,Falkirk,Female,95 and Older,78
2018/19,Falkirk,Male,18-64,56
2018/19,Falkirk,Male,65-74,38
2018/19,Falkirk,Male,75-84,108
2018/19,Falkirk,Male,85-94,74
2018/19,Falkirk,Male,95 and Older,19
2018/19,Fife,Female,18-64,122
2018/19,Fife,Female,65-74,183
2018/19,Fife,Female,75-84,469
2018/19,Fife,Female,85-94,745
2018/19,Fife,Female,95 and Older,212
2018/19,Fife,Male,18-64,151
2018/19,Fife,Male,65-74,127
2018/19,Fife,Male,75-84,248
2018/19,Fife,Male,85-94,255
2018/19,Fife,Male,95 and Older,47
2018/19,Glasgow City,Female,18-64,200
2018/19,Glasgow City,Female,65-74,274
2018/19,Glasgow City,Female,75-84,688
2018/19,Glasgow City,Female,85-94,1040
2018/19,Glasgow City,Female,95 and Older,230
2018/19,Glasgow City,Male,18-64,329
2018/19,Glasgow City,Male,65-74,261
2018/19,Glasgow City,Male,75-84,420
2018/19,Glasgow City,Male,85-94,290
2018/19,Glasgow City,Male,95 and Older,34
2018/19,Highland,Female,18-64,100
2018/19,Highland,Female,65-74,86
2018/19,Highland,Female,75-84,300
2018/19,Highland,Female,85-94,503
2018/19,Highland,Female,95 and Older,141
2018/19,Highland,Male,18-64,139
2018/19,Highland,Male,65-74,122
2018/19,Highland,Male,75-84,161
2018/19,Highland,Male,85-94,161
2018/19,Highland,Male,95 and Older,23
2018/19,Inverclyde,Female,18-64,37
2018/19,Inverclyde,Female,65-74,31
2018/19,Inverclyde,Female,75-84,137
2018/19,Inverclyde,Female,85-94,227
2018/19,Inverclyde,Female,95 and Older,41
2018/19,Inverclyde,Male,18-64,46
2018/19,Inverclyde,Male,65-74,38
2018/19,Inverclyde,Male,75-84,72
2018/19,Inverclyde,Male,85-94,58
2018/19,Inverclyde,Male,95 and Older,6
2018/19,Midlothian,Female,18-64,54
2018/19,Midlothian,Female,75-84,87
2018/19,Midlothian,Female,85-94,146
2018/19,Midlothian,Male,18-64,40
2018/19,Midlothian,Male,75-84,32
2018/19,Midlothian,Male,85-94,40
2018/19,Moray,Female,18-64,7
2018/19,Moray,Female,65-74,26
2018/19,Moray,Female,75-84,103
2018/19,Moray,Female,85-94,178
2018/19,Moray,Female,95 and Older,39
2018/19,Moray,Male,18-64,7
2018/19,Moray,Male,65-74,28
2018/19,Moray,Male,75-84,61
2018/19,Moray,Male,85-94,56
2018/19,Moray,Male,95 and Older,6
2018/19,Na h-Eileanan Siar,Female,75-84,40
2018/19,Na h-Eileanan Siar,Female,85-94,73
2018/19,Na h-Eileanan Siar,Female,95 and Older,16
2018/19,Na h-Eileanan Siar,Male,65-74,9
2018/19,Na h-Eileanan Siar,Male,75-84,23
2018/19,Na h-Eileanan Siar,Male,85-94,16
2018/19,North Ayrshire,Female,18-64,53
2018/19,North Ayrshire,Female,65-74,53
2018/19,North Ayrshire,Female,75-84,215
2018/19,North Ayrshire,Female,85-94,240
2018/19,North Ayrshire,Female,95 and Older,57
2018/19,North Ayrshire,Male,18-64,87
2018/19,North Ayrshire,Male,65-74,50
2018/19,North Ayrshire,Male,75-84,107
2018/19,North Ayrshire,Male,85-94,91
2018/19,North Ayrshire,Male,95 and Older,8
2018/19,North Lanarkshire,Female,18-64,21
2018/19,North Lanarkshire,Female,65-74,103
2018/19,North Lanarkshire,Female,75-84,355
2018/19,North Lanarkshire,Female,85-94,419
2018/19,North Lanarkshire,Female,95 and Older,91
2018/19,North Lanarkshire,Male,18-64,48
2018/19,North Lanarkshire,Male,65-74,80
2018/19,North Lanarkshire,Male,75-84,160
2018/19,North Lanarkshire,Male,85-94,124
2018/19,North Lanarkshire,Male,95 and Older,10
2018/19,Orkney Islands,Female,75-84,20
2018/19,Orkney Islands,Female,85-94,38
2018/19,Orkney Islands,Female,95 and Older,7
2018/19,Orkney Islands,Male,75-84,10
2018/19,Orkney Islands,Male,85-94,10
2018/19,Perth and Kinross,Female,18-64,60
2018/19,Perth and Kinross,Female,65-74,57
2018/19,Perth and Kinross,Female,75-84,181
2018/19,Perth and Kinross,Female,85-94,391
2018/19,Perth and Kinross,Female,95 and Older,137
2018/19,Perth and Kinross,Male,18-64,97
2018/19,Perth and Kinross,Male,65-74,56
2018/19,Perth and Kinross,Male,75-84,109
2018/19,Perth and Kinross,Male,85-94,132
2018/19,Perth and Kinross,Male,95 and Older,27
2018/19,Renfrewshire,Female,18-64,33
2018/19,Renfrewshire,Female,65-74,72
2018/19,Renfrewshire,Female,75-84,230
2018/19,Renfrewshire,Female,85-94,407
2018/19,Renfrewshire,Female,95 and Older,85
2018/19,Renfrewshire,Male,18-64,48
2018/19,Renfrewshire,Male,65-74,62
2018/19,Renfrewshire,Male,75-84,157
2018/19,Renfrewshire,Male,85-94,139
2018/19,Renfrewshire,Male,95 and Older,16
2018/19,Scotland,Female,18-64,1348
2018/19,Scotland,Female,65-74,1895
2018/19,Scotland,Female,75-84,6384
2018/19,Scotland,Female,85-94,10579
2018/19,Scotland,Female,95 and Older,2668
2018/19,Scotland,Male,18-64,1872
2018/19,Scotland,Male,65-74,1816
2018/19,Scotland,Male,75-84,3392
2018/19,Scotland,Male,85-94,3221
2018/19,Scotland,Male,95 and Older,464
2018/19,Scottish Borders,Female,18-64,21
2018/19,Scottish Borders,Female,65-74,32
2018/19,Scottish Borders,Female,75-84,125
2018/19,Scottish Borders,Female,85-94,217
2018/19,Scottish Borders,Female,95 and Older,57
2018/19,Scottish Borders,Male,18-64,30
2018/19,Scottish Borders,Male,65-74,25
2018/19,Scottish Borders,Male,75-84,54
2018/19,Scottish Borders,Male,85-94,55
2018/19,Scottish Borders,Male,95 and Older,11
2018/19,Shetland Islands,Female,65-74,6
2018/19,Shetland Islands,Female,75-84,15
2018/19,Shetland Islands,Female,85-94,26
2018/19,Shetland Islands,Male,65-74,7
2018/19,Shetland Islands,Male,75-84,12
2018/19,Shetland Islands,Male,85-94,17
2018/19,South Ayrshire,Female,18-64,50
2018/19,South Ayrshire,Female,65-74,47
2018/19,South Ayrshire,Female,75-84,181
2018/19,South Ayrshire,Female,85-94,342
2018/19,South Ayrshire,Female,95 and Older,108
2018/19,South Ayrshire,Male,18-64,45
2018/19,South Ayrshire,Male,65-74,41
2018/19,South Ayrshire,Male,75-84,109
2018/19,South Ayrshire,Male,85-94,94
2018/19,South Ayrshire,Male,95 and Older,23
2018/19,South Lanarkshire,Female,18-64,90
2018/19,South Lanarkshire,Female,65-74,129
2018/19,South Lanarkshire,Female,75-84,409
2018/19,South Lanarkshire,Female,85-94,685
2018/19,South Lanarkshire,Female,95 and Older,147
2018/19,South Lanarkshire,Male,18-64,170
2018/19,South Lanarkshire,Male,65-74,167
2018/19,South Lanarkshire,Male,75-84,217
2018/19,South Lanarkshire,Male,85-94,184
2018/19,South Lanarkshire,Male,95 and Older,31
2018/19,Stirling,Female,18-64,27
2018/19,Stirling,Female,65-74,17
2018/19,Stirling,Female,75-84,47
2018/19,Stirling,Female,85-94,106
2018/19,Stirling,Female,95 and Older,42
2018/19,Stirling,Male,18-64,106
2018/19,Stirling,Male,65-74,27
2018/19,Stirling,Male,75-84,35
2018/19,Stirling,Male,85-94,46
2018/19,Stirling,Male,95 and Older,7
2018/19,West Dunbartonshire,Female,65-74,37
2018/19,West Dunbartonshire,Female,75-84,118
2018/19,West Dunbartonshire,Female,85-94,176
2018/19,West Dunbartonshire,Male,65-74,30
2018/19,West Dunbartonshire,Male,75-84,58
2018/19,West Dunbartonshire,Male,85-94,37
2018/19,West Lothian,Female,18-64,39
2018/19,West Lothian,Female,65-74,45
2018/19,West Lothian,Female,75-84,208
2018/19,West Lothian,Female,85-94,252
2018/19,West Lothian,Female,95 and Older,58
2018/19,West Lothian,Male,18-64,31
2018/19,West Lothian,Male,65-74,27
2018/19,West Lothian,Male,75-84,92
2018/19,West Lothian,Male,85-94,91
2018/19,West Lothian,Male,95 and Older,9
2020/21,Aberdeen City,Female,18-64,93
2020/21,Aberdeen City,Female,65-74,82
2020/21,Aberdeen City,Female,75-84,217
2020/21,Aberdeen City,Female,85-94,396
2020/21,Aberdeen City,Female,95 and Older,84
2020/21,Aberdeen City,Male,18-64,108
2020/21,Aberdeen City,Male,65-74,67
2020/21,Aberdeen City,Male,75-84,101
2020/21,Aberdeen City,Male,85-94,92
2020/21,Aberdeen City,Male,95 and Older,7
2020/21,Aberdeenshire,Female,18-64,73
2020/21,Aberdeenshire,Female,65-74,88
2020/21,Aberdeenshire,Female,75-84,246
2020/21,Aberdeenshire,Female,85-94,497
2020/21,Aberdeenshire,Female,95 and Older,129
2020/21,Aberdeenshire,Male,18-64,79
2020/21,Aberdeenshire,Male,65-74,74
2020/21,Aberdeenshire,Male,75-84,144
2020/21,Aberdeenshire,Male,85-94,185
2020/21,Aberdeenshire,Male,95 and Older,30
2020/21,Angus,Female,18-64,32
2020/21,Angus,Female,65-74,55
2020/21,Angus,Female,75-84,162
2020/21,Angus,Female,85-94,316
2020/21,Angus,Female,95 and Older,112
2020/21,Angus,Male,18-64,33
2020/21,Angus,Male,65-74,33
2020/21,Angus,Male,75-84,68
2020/21,Angus,Male,85-94,91
2020/21,Angus,Male,95 and Older,9
2020/21,Argyll and Bute,Female,75-84,89
2020/21,Argyll and Bute,Female,85-94,184
2020/21,Argyll and Bute,Male,75-84,50
2020/21,Argyll and Bute,Male,85-94,41
2020/21,City of Edinburgh,Female,18-64,61
2020/21,City of Edinburgh,Female,65-74,110
2020/21,City of Edinburgh,Female,75-84,476
2020/21,City of Edinburgh,Female,85-94,894
2020/21,City of Edinburgh,Female,95 and Older,222
2020/21,City of Edinburgh,Male,18-64,73
2020/21,City of Edinburgh,Male,65-74,104
2020/21,City of Edinburgh,Male,75-84,227
2020/21,City of Edinburgh,Male,85-94,282
2020/21,City of Edinburgh,Male,95 and Older,54
2020/21,Clackmannanshire,Female,18-64,39
2020/21,Clackmannanshire,Female,75-84,45
2020/21,Clackmannanshire,Female,85-94,52
2020/21,Clackmannanshire,Male,18-64,47
2020/21,Clackmannanshire,Male,75-84,34
2020/21,Clackmannanshire,Male,85-94,20
2020/21,Dumfries and Galloway,Female,18-64,11
2020/21,Dumfries and Galloway,Female,65-74,59
2020/21,Dumfries and Galloway,Female,75-84,216
2020/21,Dumfries and Galloway,Female,85-94,299
2020/21,Dumfries and Galloway,Female,95 and Older,88
2020/21,Dumfries and Galloway,Male,18-64,49
2020/21,Dumfries and Galloway,Male,65-74,59
2020/21,Dumfries and Galloway,Male,75-84,95
2020/21,Dumfries and Galloway,Male,85-94,95
2020/21,Dumfries and Galloway,Male,95 and Older,10
2020/21,Dundee City,Female,18-64,26
2020/21,Dundee City,Female,65-74,59
2020/21,Dundee City,Female,75-84,189
2020/21,Dundee City,Female,85-94,291
2020/21,Dundee City,Female,95 and Older,54
2020/21,Dundee City,Male,18-64,26
2020/21,Dundee City,Male,65-74,42
2020/21,Dundee City,Male,75-84,89
2020/21,Dundee City,Male,85-94,108
2020/21,Dundee City,Male,95 and Older,13
2020/21,East Ayrshire,Female,18-64,28
2020/21,East Ayrshire,Female,65-74,36
2020/21,East Ayrshire,Female,75-84,159
2020/21,East Ayrshire,Female,85-94,224
2020/21,East Ayrshire,Female,95 and Older,63
2020/21,East Ayrshire,Male,18-64,44
2020/21,East Ayrshire,Male,65-74,53
2020/21,East Ayrshire,Male,75-84,80
2020/21,East Ayrshire,Male,85-94,59
2020/21,East Ayrshire,Male,95 and Older,9
2020/21,East Dunbartonshire,Female,18-64,7
2020/21,East Dunbartonshire,Female,65-74,27
2020/21,East Dunbartonshire,Female,75-84,136
2020/21,East Dunbartonshire,Female,85-94,239
2020/21,East Dunbartonshire,Female,95 and Older,42
2020/21,East Dunbartonshire,Male,18-64,10
2020/21,East Dunbartonshire,Male,65-74,27
2020/21,East Dunbartonshire,Male,75-84,49
2020/21,East Dunbartonshire,Male,85-94,50
2020/21,East Dunbartonshire,Male,95 and Older,11
2020/21,East Lothian,Female,75-84,117
2020/21,East Lothian,Female,85-94,183
2020/21,East Lothian,Female,95 and Older,56
2020/21,East Lothian,Male,75-84,62
2020/21,East Lothian,Male,85-94,72
2020/21,East Lothian,Male,95 and Older,10
2020/21,East Renfrewshire,Female,18-64,46
2020/21,East Renfrewshire,Female,65-74,33
2020/21,East Renfrewshire,Female,75-84,118
2020/21,East Renfrewshire,Female,85-94,183
2020/21,East Renfrewshire,Female,95 and Older,55
2020/21,East Renfrewshire,Male,18-64,63
2020/21,East Renfrewshire,Male,65-74,33
2020/21,East Renfrewshire,Male,75-84,37
2020/21,East Renfrewshire,Male,85-94,39
2020/21,East Renfrewshire,Male,95 and Older,9
2020/21,Falkirk,Female,18-64,35
2020/21,Falkirk,Female,65-74,55
2020/21,Falkirk,Female,75-84,213
2020/21,Falkirk,Female,85-94,266
2020/21,Falkirk,Female,95 and Older,47
2020/21,Falkirk,Male,18-64,43
2020/21,Falkirk,Male,65-74,35
2020/21,Falkirk,Male,75-84,92
2020/21,Falkirk,Male,85-94,83
2020/21,Falkirk,Male,95 and Older,9
2020/21,Fife,Female,18-64,109
2020/21,Fife,Female,65-74,191
2020/21,Fife,Female,75-84,468
2020/21,Fife,Female,85-94,771
2020/21,Fife,Female,95 and Older,221
2020/21,Fife,Male,18-64,109
2020/21,Fife,Male,65-74,125
2020/21,Fife,Male,75-84,239
2020/21,Fife,Male,85-94,212
2020/21,Fife,Male,95 and Older,23
2020/21,Glasgow City,Female,18-64,200
2020/21,Glasgow City,Female,65-74,249
2020/21,Glasgow City,Female,75-84,662
2020/21,Glasgow City,Female,85-94,947
2020/21,Glasgow City,Female,95 and Older,266
2020/21,Glasgow City,Male,18-64,301
2020/21,Glasgow City,Male,65-74,269
2020/21,Glasgow City,Male,75-84,407
2020/21,Glasgow City,Male,85-94,254
2020/21,Glasgow City,Male,95 and Older,40
2020/21,Highland,Female,18-64,108
2020/21,Highland,Female,65-74,89
2020/21,Highland,Female,75-84,280
2020/21,Highland,Female,85-94,501
2020/21,Highland,Female,95 and Older,146
2020/21,Highland,Male,18-64,115
2020/21,Highland,Male,65-74,93
2020/21,Highland,Male,75-84,169
2020/21,Highland,Male,85-94,181
2020/21,Highland,Male,95 and Older,31
2020/21,Inverclyde,Female,18-64,28
2020/21,Inverclyde,Female,65-74,41
2020/21,Inverclyde,Female,75-84,130
2020/21,Inverclyde,Female,85-94,186
2020/21,Inverclyde,Female,95 and Older,45
2020/21,Inverclyde,Male,18-64,31
2020/21,Inverclyde,Male,65-74,29
2020/21,Inverclyde,Male,75-84,69
2020/21,Inverclyde,Male,85-94,50
2020/21,Inverclyde,Male,95 and Older,6
2020/21,Midlothian,Female,18-64,51
2020/21,Midlothian,Female,65-74,35
2020/21,Midlothian,Female,75-84,85
2020/21,Midlothian,Female,85-94,112
2020/21,Midlothian,Female,95 and Older,16
2020/21,Midlothian,Male,18-64,26
2020/21,Midlothian,Male,65-74,32
2020/21,Midlothian,Male,75-84,40
2020/21,Midlothian,Male,85-94,38
2020/21,Midlothian,Male,95 and Older,5
2020/21,Moray,Female,75-84,111
2020/21,Moray,Female,85-94,152
2020/21,Moray,Male,75-84,65
2020/21,Moray,Male,85-94,67
2020/21,Na h-Eileanan Siar,Female,18-64,9
2020/21,Na h-Eileanan Siar,Female,65-74,13
2020/21,Na h-Eileanan Siar,Female,75-84,41
2020/21,Na h-Eileanan Siar,Female,85-94,73
2020/21,Na h-Eileanan Siar,Female,95 and Older,11
2020/21,Na h-Eileanan Siar,Male,18-64,5
2020/21,Na h-Eileanan Siar,Male,65-74,7
2020/21,Na h-Eileanan Siar,Male,75-84,29
2020/21,Na h-Eileanan Siar,Male,85-94,14
2020/21,Na h-Eileanan Siar,Male,95 and Older,0
2020/21,North Ayrshire,Female,18-64,37
2020/21,North Ayrshire,Female,65-74,57
2020/21,North Ayrshire,Female,75-84,195
2020/21,North Ayrshire,Female,85-94,224
2020/21,North Ayrshire,Female,95 and Older,46
2020/21,North Ayrshire,Male,18-64,49
2020/21,North Ayrshire,Male,65-74,63
2020/21,North Ayrshire,Male,75-84,91
2020/21,North Ayrshire,Male,85-94,60
2020/21,North Ayrshire,Male,95 and Older,5
2020/21,North Lanarkshire,Female,18-64,30
2020/21,North Lanarkshire,Female,65-74,98
2020/21,North Lanarkshire,Female,75-84,328
2020/21,North Lanarkshire,Female,85-94,411
2020/21,North Lanarkshire,Female,95 and Older,62
2020/21,North Lanarkshire,Male,18-64,84
2020/21,North Lanarkshire,Male,65-74,98
2020/21,North Lanarkshire,Male,75-84,129
2020/21,North Lanarkshire,Male,85-94,89
2020/21,North Lanarkshire,Male,95 and Older,9
2020/21,Orkney Islands,Female,75-84,15
2020/21,Orkney Islands,Female,85-94,46
2020/21,Orkney Islands,Male,75-84,11
2020/21,Orkney Islands,Male,85-94,9
2020/21,Perth and Kinross,Female,18-64,80
2020/21,Perth and Kinross,Female,65-74,56
2020/21,Perth and Kinross,Female,75-84,209
2020/21,Perth and Kinross,Female,85-94,403
2020/21,Perth and Kinross,Female,95 and Older,110
2020/21,Perth and Kinross,Male,18-64,120
2020/21,Perth and Kinross,Male,65-74,55
2020/21,Perth and Kinross,Male,75-84,101
2020/21,Perth and Kinross,Male,85-94,117
2020/21,Perth and Kinross,Male,95 and Older,22
2020/21,Renfrewshire,Female,18-64,41
2020/21,Renfrewshire,Female,65-74,71
2020/21,Renfrewshire,Female,75-84,206
2020/21,Renfrewshire,Female,85-94,364
2020/21,Renfrewshire,Female,95 and Older,83
2020/21,Renfrewshire,Male,18-64,56
2020/21,Renfrewshire,Male,65-74,67
2020/21,Renfrewshire,Male,75-84,133
2020/21,Renfrewshire,Male,85-94,94
2020/21,Renfrewshire,Male,95 and Older,12
2020/21,Scotland,Female,18-64,1398
2020/21,Scotland,Female,65-74,1964
2020/21,Scotland,Female,75-84,6192
2020/21,Scotland,Female,85-94,9801
2020/21,Scotland,Female,95 and Older,2469
2020/21,Scotland,Male,18-64,1863
2020/21,Scotland,Male,65-74,1753
2020/21,Scotland,Male,75-84,3117
2020/21,Scotland,Male,85-94,2886
2020/21,Scotland,Male,95 and Older,420
2020/21,Scottish Borders,Female,18-64,23
2020/21,Scottish Borders,Female,65-74,33
2020/21,Scottish Borders,Female,75-84,105
2020/21,Scottish Borders,Female,85-94,213
2020/21,Scottish Borders,Female,95 and Older,67
2020/21,Scottish Borders,Male,18-64,35
2020/21,Scottish Borders,Male,65-74,15
2020/21,Scottish Borders,Male,75-84,50
2020/21,Scottish Borders,Male,85-94,51
2020/21,Scottish Borders,Male,95 and Older,20
2020/21,Shetland Islands,Female,75-84,12
2020/21,Shetland Islands,Female,85-94,28
2020/21,Shetland Islands,Male,75-84,10
2020/21,Shetland Islands,Male,85-94,17
2020/21,South Ayrshire,Female,18-64,48
2020/21,South Ayrshire,Female,65-74,58
2020/21,South Ayrshire,Female,75-84,192
2020/21,South Ayrshire,Female,85-94,278
2020/21,South Ayrshire,Female,95 and Older,86
2020/21,South Ayrshire,Male,18-64,42
2020/21,South Ayrshire,Male,65-74,42
2020/21,South Ayrshire,Male,75-84,90
2020/21,South Ayrshire,Male,85-94,88
2020/21,South Ayrshire,Male,95 and Older,21
2020/21,South Lanarkshire,Female,18-64,92
2020/21,South Lanarkshire,Female,65-74,120
2020/21,South Lanarkshire,Female,75-84,370
2020/21,South Lanarkshire,Female,85-94,586
2020/21,South Lanarkshire,Female,95 and Older,145
2020/21,South Lanarkshire,Male,18-64,179
2020/21,South Lanarkshire,Male,65-74,147
2020/21,South Lanarkshire,Male,75-84,186
2020/21,South Lanarkshire,Male,85-94,162
2020/21,South Lanarkshire,Male,95 and Older,27
2020/21,Stirling,Female,18-64,44
2020/21,Stirling,Female,65-74,34
2020/21,Stirling,Female,85-94,84
2020/21,Stirling,Male,18-64,105
2020/21,Stirling,Male,65-74,44
2020/21,Stirling,Male,85-94,44
2020/21,West Dunbartonshire,Female,65-74,35
2020/21,West Dunbartonshire,Female,75-84,137
2020/21,West Dunbartonshire,Female,85-94,166
2020/21,West Dunbartonshire,Male,65-74,22
2020/21,West Dunbartonshire,Male,75-84,40
2020/21,West Dunbartonshire,Male,85-94,39
2020/21,West Lothian,Female,18-64,35
2020/21,West Lothian,Female,65-74,77
2020/21,West Lothian,Female,75-84,203
2020/21,West Lothian,Female,85-94,200
2020/21,West Lothian,Female,95 and Older,46
2020/21,West Lothian,Male,18-64,21
2020/21,West Lothian,Male,65-74,39
2020/21,West Lothian,Male,75-84,95
2020/21,West Lothian,Male,85-94,70
2020/21,West Lothian,Male,95 and Older,9
2021/22,Aberdeen City,Female,18-64,112
2021/22,Aberdeen City,Female,65-74,89
2021/22,Aberdeen City,Female,75-84,234
2021/22,Aberdeen City,Female,85-94,391
2021/22,Aberdeen City,Female,95 and Older,91
2021/22,Aberdeen City,Male,18-64,122
2021/22,Aberdeen City,Male,65-74,76
2021/22,Aberdeen City,Male,75-84,118
2021/22,Aberdeen City,Male,85-94,122
2021/22,Aberdeen City,Male,95 and Older,10
2021/22,Aberdeenshire,Female,18-64,74
2021/22,Aberdeenshire,Female,65-74,91
2021/22,Aberdeenshire,Female,75-84,310
2021/22,Aberdeenshire,Female,85-94,479
2021/22,Aberdeenshire,Female,95 and Older,120
2021/22,Aberdeenshire,Male,18-64,86
2021/22,Aberdeenshire,Male,65-74,76
2021/22,Aberdeenshire,Male,75-84,144
2021/22,Aberdeenshire,Male,85-94,167
2021/22,Aberdeenshire,Male,95 and Older,20
2021/22,Angus,Female,18-64,40
2021/22,Angus,Female,65-74,48
2021/22,Angus,Female,75-84,158
2021/22,Angus,Female,85-94,345
2021/22,Angus,Female,95 and Older,112
2021/22,Angus,Male,18-64,37
2021/22,Angus,Male,65-74,35
2021/22,Angus,Male,75-84,66
2021/22,Angus,Male,85-94,86
2021/22,Angus,Male,95 and Older,12
2021/22,Argyll and Bute,Female,75-84,84
2021/22,Argyll and Bute,Female,85-94,168
2021/22,Argyll and Bute,Male,75-84,43
2021/22,Argyll and Bute,Male,85-94,50
2021/22,City of Edinburgh,Female,18-64,77
2021/22,City of Edinburgh,Female,65-74,113
2021/22,City of Edinburgh,Female,75-84,455
2021/22,City of Edinburgh,Female,85-94,894
2021/22,City of Edinburgh,Female,95 and Older,231
2021/22,City of Edinburgh,Male,18-64,79
2021/22,City of Edinburgh,Male,65-74,109
2021/22,City of Edinburgh,Male,75-84,232
2021/22,City of Edinburgh,Male,85-94,274
2021/22,City of Edinburgh,Male,95 and Older,43
2021/22,Clackmannanshire,Female,18-64,44
2021/22,Clackmannanshire,Female,65-74,16
2021/22,Clackmannanshire,Female,75-84,49
2021/22,Clackmannanshire,Male,18-64,61
2021/22,Clackmannanshire,Male,65-74,21
2021/22,Clackmannanshire,Male,75-84,28
2021/22,Dumfries and Galloway,Female,18-64,15
2021/22,Dumfries and Galloway,Female,65-74,41
2021/22,Dumfries and Galloway,Female,75-84,177
2021/22,Dumfries and Galloway,Female,85-94,272
2021/22,Dumfries and Galloway,Female,95 and Older,68
2021/22,Dumfries and Galloway,Male,18-64,43
2021/22,Dumfries and Galloway,Male,65-74,45
2021/22,Dumfries and Galloway,Male,75-84,108
2021/22,Dumfries and Galloway,Male,85-94,111
2021/22,Dumfries and Galloway,Male,95 and Older,10
2021/22,Dundee City,Female,18-64,13
2021/22,Dundee City,Female,65-74,55
2021/22,Dundee City,Female,75-84,188
2021/22,Dundee City,Female,85-94,311
2021/22,Dundee City,Female,95 and Older,53
2021/22,Dundee City,Male,18-64,14
2021/22,Dundee City,Male,65-74,46
2021/22,Dundee City,Male,75-84,98
2021/22,Dundee City,Male,85-94,98
2021/22,Dundee City,Male,95 and Older,11
2021/22,East Ayrshire,Female,18-64,33
2021/22,East Ayrshire,Female,65-74,39
2021/22,East Ayrshire,Female,75-84,182
2021/22,East Ayrshire,Female,85-94,196
2021/22,East Ayrshire,Female,95 and Older,49
2021/22,East Ayrshire,Male,18-64,47
2021/22,East Ayrshire,Male,65-74,58
2021/22,East Ayrshire,Male,75-84,89
2021/22,East Ayrshire,Male,85-94,58
2021/22,East Ayrshire,Male,95 and Older,12
2021/22,East Dunbartonshire,Female,18-64,8
2021/22,East Dunbartonshire,Female,65-74,30
2021/22,East Dunbartonshire,Female,75-84,142
2021/22,East Dunbartonshire,Female,85-94,248
2021/22,East Dunbartonshire,Female,95 and Older,62
2021/22,East Dunbartonshire,Male,18-64,6
2021/22,East Dunbartonshire,Male,65-74,24
2021/22,East Dunbartonshire,Male,75-84,55
2021/22,East Dunbartonshire,Male,85-94,77
2021/22,East Dunbartonshire,Male,95 and Older,10
2021/22,East Lothian,Female,18-64,0
2021/22,East Lothian,Female,65-74,29
2021/22,East Lothian,Female,75-84,98
2021/22,East Lothian,Female,85-94,184
2021/22,East Lothian,Female,95 and Older,71
2021/22,East Lothian,Male,18-64,5
2021/22,East Lothian,Male,65-74,24
2021/22,East Lothian,Male,75-84,55
2021/22,East Lothian,Male,85-94,76
2021/22,East Lothian,Male,95 and Older,18
2021/22,East Renfrewshire,Female,18-64,7
2021/22,East Renfrewshire,Female,65-74,15
2021/22,East Renfrewshire,Female,75-84,112
2021/22,East Renfrewshire,Female,85-94,179
2021/22,East Renfrewshire,Female,95 and Older,51
2021/22,East Renfrewshire,Male,18-64,0
2021/22,East Renfrewshire,Male,65-74,20
2021/22,East Renfrewshire,Male,75-84,51
2021/22,East Renfrewshire,Male,85-94,48
2021/22,East Renfrewshire,Male,95 and Older,5
2021/22,Falkirk,Female,18-64,52
2021/22,Falkirk,Female,65-74,51
2021/22,Falkirk,Female,75-84,202
2021/22,Falkirk,Female,85-94,254
2021/22,Falkirk,Female,95 and Older,51
2021/22,Falkirk,Male,18-64,69
2021/22,Falkirk,Male,65-74,39
2021/22,Falkirk,Male,75-84,78
2021/22,Falkirk,Male,85-94,87
2021/22,Falkirk,Male,95 and Older,13
2021/22,Fife,Female,18-64,118
2021/22,Fife,Female,65-74,168
2021/22,Fife,Female,75-84,485
2021/22,Fife,Female,85-94,818
2021/22,Fife,Female,95 and Older,187
2021/22,Fife,Male,18-64,131
2021/22,Fife,Male,65-74,133
2021/22,Fife,Male,75-84,227
2021/22,Fife,Male,85-94,229
2021/22,Fife,Male,95 and Older,21
2021/22,Glasgow City,Female,18-64,213
2021/22,Glasgow City,Female,65-74,261
2021/22,Glasgow City,Female,75-84,658
2021/22,Glasgow City,Female,85-94,920
2021/22,Glasgow City,Female,95 and Older,203
2021/22,Glasgow City,Male,18-64,386
2021/22,Glasgow City,Male,65-74,272
2021/22,Glasgow City,Male,75-84,424
2021/22,Glasgow City,Male,85-94,249
2021/22,Glasgow City,Male,95 and Older,38
2021/22,Highland,Female,18-64,102
2021/22,Highland,Female,65-74,83
2021/22,Highland,Female,75-84,314
2021/22,Highland,Female,85-94,503
2021/22,Highland,Female,95 and Older,132
2021/22,Highland,Male,18-64,121
2021/22,Highland,Male,65-74,78
2021/22,Highland,Male,75-84,165
2021/22,Highland,Male,85-94,177
2021/22,Highland,Male,95 and Older,36
2021/22,Inverclyde,Female,18-64,37
2021/22,Inverclyde,Female,75-84,131
2021/22,Inverclyde,Female,85-94,165
2021/22,Inverclyde,Male,18-64,45
2021/22,Inverclyde,Male,75-84,73
2021/22,Inverclyde,Male,85-94,58
2021/22,Midlothian,Female,18-64,38
2021/22,Midlothian,Female,65-74,44
2021/22,Midlothian,Female,75-84,89
2021/22,Midlothian,Female,85-94,118
2021/22,Midlothian,Female,95 and Older,24
2021/22,Midlothian,Male,18-64,30
2021/22,Midlothian,Male,65-74,24
2021/22,Midlothian,Male,75-84,49
2021/22,Midlothian,Male,85-94,30
2021/22,Midlothian,Male,95 and Older,8
2021/22,Moray,Female,18-64,9
2021/22,Moray,Female,65-74,31
2021/22,Moray,Female,75-84,121
2021/22,Moray,Female,85-94,152
2021/22,Moray,Female,95 and Older,47
2021/22,Moray,Male,18-64,7
2021/22,Moray,Male,65-74,25
2021/22,Moray,Male,75-84,56
2021/22,Moray,Male,85-94,56
2021/22,Moray,Male,95 and Older,7
2021/22,Na h-Eileanan Siar,Female,65-74,8
2021/22,Na h-Eileanan Siar,Female,75-84,39
2021/22,Na h-Eileanan Siar,Female,85-94,70
2021/22,Na h-Eileanan Siar,Male,65-74,14
2021/22,Na h-Eileanan Siar,Male,75-84,18
2021/22,Na h-Eileanan Siar,Male,85-94,10
2021/22,North Ayrshire,Female,18-64,27
2021/22,North Ayrshire,Female,65-74,43
2021/22,North Ayrshire,Female,75-84,184
2021/22,North Ayrshire,Female,85-94,239
2021/22,North Ayrshire,Female,95 and Older,51
2021/22,North Ayrshire,Male,18-64,47
2021/22,North Ayrshire,Male,65-74,53
2021/22,North Ayrshire,Male,75-84,84
2021/22,North Ayrshire,Male,85-94,63
2021/22,North Ayrshire,Male,95 and Older,6
2021/22,North Lanarkshire,Female,18-64,28
2021/22,North Lanarkshire,Female,65-74,91
2021/22,North Lanarkshire,Female,75-84,348
2021/22,North Lanarkshire,Female,85-94,426
2021/22,North Lanarkshire,Female,95 and Older,80
2021/22,North Lanarkshire,Male,18-64,59
2021/22,North Lanarkshire,Male,65-74,77
2021/22,North Lanarkshire,Male,75-84,158
2021/22,North Lanarkshire,Male,85-94,118
2021/22,North Lanarkshire,Male,95 and Older,15
2021/22,Orkney Islands,Female,75-84,16
2021/22,Orkney Islands,Female,85-94,41
2021/22,Orkney Islands,Male,75-84,9
2021/22,Orkney Islands,Male,85-94,8
2021/22,Perth and Kinross,Female,18-64,61
2021/22,Perth and Kinross,Female,65-74,70
2021/22,Perth and Kinross,Female,75-84,195
2021/22,Perth and Kinross,Female,85-94,382
2021/22,Perth and Kinross,Female,95 and Older,100
2021/22,Perth and Kinross,Male,18-64,96
2021/22,Perth and Kinross,Male,65-74,55
2021/22,Perth and Kinross,Male,75-84,117
2021/22,Perth and Kinross,Male,85-94,118
2021/22,Perth and Kinross,Male,95 and Older,20
2021/22,Renfrewshire,Female,18-64,46
2021/22,Renfrewshire,Female,65-74,76
2021/22,Renfrewshire,Female,75-84,235
2021/22,Renfrewshire,Female,85-94,331
2021/22,Renfrewshire,Female,95 and Older,53
2021/22,Renfrewshire,Male,18-64,50
2021/22,Renfrewshire,Male,65-74,83
2021/22,Renfrewshire,Male,75-84,135
2021/22,Renfrewshire,Male,85-94,108
2021/22,Renfrewshire,Male,95 and Older,10
2021/22,Scotland,Female,18-64,1406
2021/22,Scotland,Female,65-74,1873
2021/22,Scotland,Female,75-84,6297
2021/22,Scotland,Female,85-94,9789
2021/22,Scotland,Female,95 and Older,2316
2021/22,Scotland,Male,18-64,1920
2021/22,Scotland,Male,65-74,1727
2021/22,Scotland,Male,75-84,3219
2021/22,Scotland,Male,85-94,3019
2021/22,Scotland,Male,95 and Older,405
2021/22,Scottish Borders,Female,18-64,28
2021/22,Scottish Borders,Female,65-74,22
2021/22,Scottish Borders,Female,75-84,108
2021/22,Scottish Borders,Female,85-94,190
2021/22,Scottish Borders,Female,95 and Older,63
2021/22,Scottish Borders,Male,18-64,39
2021/22,Scottish Borders,Male,65-74,17
2021/22,Scottish Borders,Male,75-84,66
2021/22,Scottish Borders,Male,85-94,67
2021/22,Scottish Borders,Male,95 and Older,17
2021/22,Shetland Islands,Female,65-74,6
2021/22,Shetland Islands,Female,75-84,14
2021/22,Shetland Islands,Female,85-94,28
2021/22,Shetland Islands,Male,65-74,6
2021/22,Shetland Islands,Male,75-84,9
2021/22,Shetland Islands,Male,85-94,12
2021/22,South Ayrshire,Female,18-64,33
2021/22,South Ayrshire,Female,65-74,48
2021/22,South Ayrshire,Female,75-84,177
2021/22,South Ayrshire,Female,85-94,319
2021/22,South Ayrshire,Female,95 and Older,76
2021/22,South Ayrshire,Male,18-64,36
2021/22,South Ayrshire,Male,65-74,43
2021/22,South Ayrshire,Male,75-84,106
2021/22,South Ayrshire,Male,85-94,105
2021/22,South Ayrshire,Male,95 and Older,17
2021/22,South Lanarkshire,Female,18-64,77
2021/22,South Lanarkshire,Female,65-74,122
2021/22,South Lanarkshire,Female,75-84,410
2021/22,South Lanarkshire,Female,85-94,612
2021/22,South Lanarkshire,Female,95 and Older,149
2021/22,South Lanarkshire,Male,18-64,155
2021/22,South Lanarkshire,Male,65-74,130
2021/22,South Lanarkshire,Male,75-84,161
2021/22,South Lanarkshire,Male,85-94,184
2021/22,South Lanarkshire,Male,95 and Older,10
2021/22,Stirling,Female,18-64,42
2021/22,Stirling,Female,65-74,30
2021/22,Stirling,Female,75-84,58
2021/22,Stirling,Female,85-94,106
2021/22,Stirling,Female,95 and Older,31
2021/22,Stirling,Male,18-64,102
2021/22,Stirling,Male,65-74,31
2021/22,Stirling,Male,75-84,55
2021/22,Stirling,Male,85-94,43
2021/22,Stirling,Male,95 and Older,9
2021/22,West Dunbartonshire,Female,65-74,36
2021/22,West Dunbartonshire,Female,75-84,135
2021/22,West Dunbartonshire,Female,85-94,168
2021/22,West Dunbartonshire,Male,65-74,35
2021/22,West Dunbartonshire,Male,75-84,57
2021/22,West Dunbartonshire,Male,85-94,49
2021/22,West Lothian,Female,18-64,32
2021/22,West Lothian,Female,65-74,54
2021/22,West Lothian,Female,75-84,214
2021/22,West Lothian,Female,85-94,241
2021/22,West Lothian,Female,95 and Older,49
2021/22,West Lothian,Male,18-64,13
2021/22,West Lothian,Male,65-74,26
2021/22,West Lothian,Male,75-84,86
2021/22,West Lothian,Male,85-94,69
2021/22,West Lothian,Male,95 and Older,8
2022/23,Aberdeen City,Female,18-64,115
2022/23,Aberdeen City,Female,65-74,99
2022/23,Aberdeen City,Female,75-84,248
2022/23,Aberdeen City,Female,85-94,409
2022/23,Aberdeen City,Female,95 and Older,110
2022/23,Aberdeen City,Male,18-64,146
2022/23,Aberdeen City,Male,65-74,73
2022/23,Aberdeen City,Male,75-84,138
2022/23,Aberdeen City,Male,85-94,134
2022/23,Aberdeen City,Male,95 and Older,22
2022/23,Aberdeenshire,Female,18-64,74
2022/23,Aberdeenshire,Female,65-74,86
2022/23,Aberdeenshire,Female,75-84,319
2022/23,Aberdeenshire,Female,85-94,490
2022/23,Aberdeenshire,Female,95 and Older,115
2022/23,Aberdeenshire,Male,18-64,86
2022/23,Aberdeenshire,Male,65-74,76
2022/23,Aberdeenshire,Male,75-84,153
2022/23,Aberdeenshire,Male,85-94,192
2022/23,Aberdeenshire,Male,95 and Older,21
2022/23,Angus,Female,18-64,34
2022/23,Angus,Female,65-74,45
2022/23,Angus,Female,75-84,158
2022/23,Angus,Female,85-94,298
2022/23,Angus,Female,95 and Older,101
2022/23,Angus,Male,18-64,39
2022/23,Angus,Male,65-74,47
2022/23,Angus,Male,75-84,74
2022/23,Angus,Male,85-94,100
2022/23,Angus,Male,95 and Older,16
2022/23,Argyll and Bute,Female,75-84,94
2022/23,Argyll and Bute,Female,85-94,160
2022/23,Argyll and Bute,Female,95 and Older,19
2022/23,Argyll and Bute,Male,75-84,39
2022/23,Argyll and Bute,Male,85-94,52
2022/23,Argyll and Bute,Male,95 and Older,11
2022/23,City of Edinburgh,Female,18-64,60
2022/23,City of Edinburgh,Female,65-74,105
2022/23,City of Edinburgh,Female,75-84,467
2022/23,City of Edinburgh,Female,85-94,930
2022/23,City of Edinburgh,Female,95 and Older,237
2022/23,City of Edinburgh,Male,18-64,57
2022/23,City of Edinburgh,Male,65-74,106
2022/23,City of Edinburgh,Male,75-84,224
2022/23,City of Edinburgh,Male,85-94,302
2022/23,City of Edinburgh,Male,95 and Older,34
2022/23,Clackmannanshire,Female,18-64,30
2022/23,Clackmannanshire,Female,75-84,48
2022/23,Clackmannanshire,Female,85-94,71
2022/23,Clackmannanshire,Male,18-64,41
2022/23,Clackmannanshire,Male,75-84,27
2022/23,Clackmannanshire,Male,85-94,19
2022/23,Dumfries and Galloway,Female,18-64,13
2022/23,Dumfries and Galloway,Female,65-74,56
2022/23,Dumfries and Galloway,Female,75-84,178
2022/23,Dumfries and Galloway,Female,85-94,321
2022/23,Dumfries and Galloway,Female,95 and Older,56
2022/23,Dumfries and Galloway,Male,18-64,39
2022/23,Dumfries and Galloway,Male,65-74,46
2022/23,Dumfries and Galloway,Male,75-84,101
2022/23,Dumfries and Galloway,Male,85-94,123
2022/23,Dumfries and Galloway,Male,95 and Older,10
2022/23,Dundee City,Female,18-64,31
2022/23,Dundee City,Female,65-74,60
2022/23,Dundee City,Female,75-84,186
2022/23,Dundee City,Female,85-94,268
2022/23,Dundee City,Female,95 and Older,47
2022/23,Dundee City,Male,18-64,26
2022/23,Dundee City,Male,65-74,59
2022/23,Dundee City,Male,75-84,90
2022/23,Dundee City,Male,85-94,83
2022/23,Dundee City,Male,95 and Older,9
2022/23,East Ayrshire,Female,18-64,23
2022/23,East Ayrshire,Female,65-74,37
2022/23,East Ayrshire,Female,75-84,147
2022/23,East Ayrshire,Female,85-94,180
2022/23,East Ayrshire,Female,95 and Older,50
2022/23,East Ayrshire,Male,18-64,44
2022/23,East Ayrshire,Male,65-74,57
2022/23,East Ayrshire,Male,75-84,111
2022/23,East Ayrshire,Male,85-94,62
2022/23,East Ayrshire,Male,95 and Older,9
2022/23,East Dunbartonshire,Female,18-64,8
2022/23,East Dunbartonshire,Female,65-74,36
2022/23,East Dunbartonshire,Female,75-84,168
2022/23,East Dunbartonshire,Female,85-94,272
2022/23,East Dunbartonshire,Female,95 and Older,51
2022/23,East Dunbartonshire,Male,18-64,11
2022/23,East Dunbartonshire,Male,65-74,29
2022/23,East Dunbartonshire,Male,75-84,58
2022/23,East Dunbartonshire,Male,85-94,88
2022/23,East Dunbartonshire,Male,95 and Older,11
2022/23,East Lothian,Female,75-84,113
2022/23,East Lothian,Female,85-94,188
2022/23,East Lothian,Male,75-84,70
2022/23,East Lothian,Male,85-94,88
2022/23,East Renfrewshire,Female,75-84,110
2022/23,East Renfrewshire,Female,85-94,165
2022/23,East Renfrewshire,Male,75-84,44
2022/23,East Renfrewshire,Male,85-94,34
2022/23,Falkirk,Female,18-64,57
2022/23,Falkirk,Female,65-74,56
2022/23,Falkirk,Female,75-84,186
2022/23,Falkirk,Female,85-94,232
2022/23,Falkirk,Female,95 and Older,44
2022/23,Falkirk,Male,18-64,97
2022/23,Falkirk,Male,65-74,40
2022/23,Falkirk,Male,75-84,67
2022/23,Falkirk,Male,85-94,84
2022/23,Falkirk,Male,95 and Older,11
2022/23,Fife,Female,18-64,156
2022/23,Fife,Female,65-74,155
2022/23,Fife,Female,75-84,476
2022/23,Fife,Female,85-94,770
2022/23,Fife,Female,95 and Older,155
2022/23,Fife,Male,18-64,175
2022/23,Fife,Male,65-74,147
2022/23,Fife,Male,75-84,259
2022/23,Fife,Male,85-94,245
2022/23,Fife,Male,95 and Older,28
2022/23,Glasgow City,Female,18-64,207
2022/23,Glasgow City,Female,65-74,244
2022/23,Glasgow City,Female,75-84,632
2022/23,Glasgow City,Female,85-94,968
2022/23,Glasgow City,Female,95 and Older,188
2022/23,Glasgow City,Male,18-64,382
2022/23,Glasgow City,Male,65-74,313
2022/23,Glasgow City,Male,75-84,470
2022/23,Glasgow City,Male,85-94,274
2022/23,Glasgow City,Male,95 and Older,46
2022/23,Highland,Female,18-64,110
2022/23,Highland,Female,65-74,93
2022/23,Highland,Female,75-84,303
2022/23,Highland,Female,85-94,511
2022/23,Highland,Female,95 and Older,118
2022/23,Highland,Male,18-64,128
2022/23,Highland,Male,65-74,88
2022/23,Highland,Male,75-84,192
2022/23,Highland,Male,85-94,174
2022/23,Highland,Male,95 and Older,23
2022/23,Inverclyde,Female,18-64,29
2022/23,Inverclyde,Female,65-74,32
2022/23,Inverclyde,Female,75-84,138
2022/23,Inverclyde,Female,85-94,171
2022/23,Inverclyde,Female,95 and Older,36
2022/23,Inverclyde,Male,18-64,28
2022/23,Inverclyde,Male,65-74,45
2022/23,Inverclyde,Male,75-84,81
2022/23,Inverclyde,Male,85-94,56
2022/23,Inverclyde,Male,95 and Older,0
2022/23,Midlothian,Female,18-64,42
2022/23,Midlothian,Female,65-74,36
2022/23,Midlothian,Female,75-84,86
2022/23,Midlothian,Male,18-64,36
2022/23,Midlothian,Male,65-74,32
2022/23,Midlothian,Male,75-84,42
2022/23,Moray,Female,18-64,12
2022/23,Moray,Female,65-74,27
2022/23,Moray,Female,75-84,118
2022/23,Moray,Female,85-94,153
2022/23,Moray,Female,95 and Older,39
2022/23,Moray,Male,18-64,9
2022/23,Moray,Male,65-74,17
2022/23,Moray,Male,75-84,64
2022/23,Moray,Male,85-94,61
2022/23,Moray,Male,95 and Older,9
2022/23,Na h-Eileanan Siar,Female,18-64,5
2022/23,Na h-Eileanan Siar,Female,65-74,11
2022/23,Na h-Eileanan Siar,Female,75-84,34
2022/23,Na h-Eileanan Siar,Female,85-94,74
2022/23,Na h-Eileanan Siar,Female,95 and Older,11
2022/23,Na h-Eileanan Siar,Male,18-64,5
2022/23,Na h-Eileanan Siar,Male,65-74,16
2022/23,Na h-Eileanan Siar,Male,75-84,13
2022/23,Na h-Eileanan Siar,Male,85-94,14
2022/23,Na h-Eileanan Siar,Male,95 and Older,5
2022/23,North Ayrshire,Female,18-64,45
2022/23,North Ayrshire,Female,65-74,46
2022/23,North Ayrshire,Female,75-84,173
2022/23,North Ayrshire,Female,85-94,221
2022/23,North Ayrshire,Female,95 and Older,39
2022/23,North Ayrshire,Male,18-64,72
2022/23,North Ayrshire,Male,65-74,45
2022/23,North Ayrshire,Male,75-84,89
2022/23,North Ayrshire,Male,85-94,67
2022/23,North Ayrshire,Male,95 and Older,7
2022/23,North Lanarkshire,Female,18-64,21
2022/23,North Lanarkshire,Female,65-74,75
2022/23,North Lanarkshire,Female,75-84,330
2022/23,North Lanarkshire,Female,85-94,417
2022/23,North Lanarkshire,Female,95 and Older,77
2022/23,North Lanarkshire,Male,18-64,55
2022/23,North Lanarkshire,Male,65-74,69
2022/23,North Lanarkshire,Male,75-84,181
2022/23,North Lanarkshire,Male,85-94,130
2022/23,North Lanarkshire,Male,95 and Older,11
2022/23,Orkney Islands,Female,75-84,19
2022/23,Orkney Islands,Male,75-84,17
2022/23,Perth and Kinross,Female,18-64,70
2022/23,Perth and Kinross,Female,65-74,59
2022/23,Perth and Kinross,Female,75-84,210
2022/23,Perth and Kinross,Female,85-94,397
2022/23,Perth and Kinross,Female,95 and Older,96
2022/23,Perth and Kinross,Male,18-64,120
2022/23,Perth and Kinross,Male,65-74,55
2022/23,Perth and Kinross,Male,75-84,102
2022/23,Perth and Kinross,Male,85-94,113
2022/23,Perth and Kinross,Male,95 and Older,24
2022/23,Renfrewshire,Female,18-64,38
2022/23,Renfrewshire,Female,65-74,66
2022/23,Renfrewshire,Female,75-84,247
2022/23,Renfrewshire,Female,85-94,350
2022/23,Renfrewshire,Female,95 and Older,75
2022/23,Renfrewshire,Male,18-64,47
2022/23,Renfrewshire,Male,65-74,66
2022/23,Renfrewshire,Male,75-84,138
2022/23,Renfrewshire,Male,85-94,147
2022/23,Renfrewshire,Male,95 and Older,26
2022/23,Scotland,Female,18-64,1447
2022/23,Scotland,Female,65-74,1828
2022/23,Scotland,Female,75-84,6409
2022/23,Scotland,Female,85-94,9921
2022/23,Scotland,Female,95 and Older,2214
2022/23,Scotland,Male,18-64,2027
2022/23,Scotland,Male,65-74,1783
2022/23,Scotland,Male,75-84,3453
2022/23,Scotland,Male,85-94,3219
2022/23,Scotland,Male,95 and Older,417
2022/23,Scottish Borders,Female,18-64,29
2022/23,Scottish Borders,Female,65-74,33
2022/23,Scottish Borders,Female,75-84,123
2022/23,Scottish Borders,Female,85-94,213
2022/23,Scottish Borders,Female,95 and Older,55
2022/23,Scottish Borders,Male,18-64,35
2022/23,Scottish Borders,Male,65-74,20
2022/23,Scottish Borders,Male,75-84,68
2022/23,Scottish Borders,Male,85-94,64
2022/23,Scottish Borders,Male,95 and Older,12
2022/23,Shetland Islands,Female,75-84,14
2022/23,Shetland Islands,Female,85-94,30
2022/23,Shetland Islands,Male,75-84,11
2022/23,Shetland Islands,Male,85-94,8
2022/23,South Ayrshire,Female,18-64,39
2022/23,South Ayrshire,Female,65-74,63
2022/23,South Ayrshire,Female,75-84,215
2022/23,South Ayrshire,Female,85-94,327
2022/23,South Ayrshire,Female,95 and Older,76
2022/23,South Ayrshire,Male,18-64,27
2022/23,South Ayrshire,Male,65-74,41
2022/23,South Ayrshire,Male,75-84,98
2022/23,South Ayrshire,Male,85-94,122
2022/23,South Ayrshire,Male,95 and Older,10
2022/23,South Lanarkshire,Female,18-64,94
2022/23,South Lanarkshire,Female,65-74,118
2022/23,South Lanarkshire,Female,75-84,421
2022/23,South Lanarkshire,Female,85-94,608
2022/23,South Lanarkshire,Female,95 and Older,139
2022/23,South Lanarkshire,Male,18-64,148
2022/23,South Lanarkshire,Male,65-74,127
2022/23,South Lanarkshire,Male,75-84,200
2022/23,South Lanarkshire,Male,85-94,165
2022/23,South Lanarkshire,Male,95 and Older,22
2022/23,Stirling,Female,18-64,40
2022/23,Stirling,Female,65-74,38
2022/23,Stirling,Female,75-84,91
2022/23,Stirling,Female,85-94,141
2022/23,Stirling,Female,95 and Older,32
2022/23,Stirling,Male,18-64,97
2022/23,Stirling,Male,65-74,35
2022/23,Stirling,Male,75-84,59
2022/23,Stirling,Male,85-94,46
2022/23,Stirling,Male,95 and Older,10
2022/23,West Dunbartonshire,Female,18-64,25
2022/23,West Dunbartonshire,Female,65-74,32
2022/23,West Dunbartonshire,Female,75-84,134
2022/23,West Dunbartonshire,Female,85-94,182
2022/23,West Dunbartonshire,Female,95 and Older,28
2022/23,West Dunbartonshire,Male,18-64,28
2022/23,West Dunbartonshire,Male,65-74,42
2022/23,West Dunbartonshire,Male,75-84,73
2022/23,West Dunbartonshire,Male,85-94,53
2022/23,West Dunbartonshire,Male,95 and Older,0
2022/23,West Lothian,Female,18-64,30
2022/23,West Lothian,Female,65-74,54
2022/23,West Lothian,Female,75-84,221
2022/23,West Lothian,Female,85-94,249
2022/23,West Lothian,Female,95 and Older,43
2022/23,West Lothian,Male,18-64,27
2022/23,West Lothian,Male,65-74,29
2022/23,West Lothian,Male,75-84,104
2022/23,West Lothian,Male,85-94,75
2022/23,West Lothian,Male,95 and Older,6
